Epoch 26,precision,recall,f1_score,accuracy,support
offensive_language,0.9595959595959596,0.9781209781209781,0.9687699171446781,,2331
hate_speech,0.41379310344827586,0.2727272727272727,0.32876712328767127,,132
weighted_average,0.9303446494004686,0.9403166869671132,0.9344701328210383,0.9403166869671132,2463
